id;name;website
9;Hubo;https://www.hubo.be/nl/winkels/mechelen/
11;Impermo;https://www.impermo.be/nl/content/impermo-zaventem-204
17;Würth;https://www.wurth.be
38;Brico;https://www.brico.be/nl/store/Mechelen-Noord
39;Bio Home;https://www.biohome.be/
47;Spietz;http://www.spietz.be
49;CIPAC;http://www.cipac.be/
53;Brico City;https://www.brico.be/fr/storedetail/7250/city-uccle-ukkel-de-bue
54;Home Market;http://www.homemarket.be/
58;Mathurin;https://mathurin.be/
62;Van Meerbeeck;http://www.vanmeerbeeck.biz
63;Belsack;https://www.belsacknv.be/
70;Sigma Service Center Bxl Couronne;https://sigma.be/
74;Brico Flagey;https://bricoflagey.be/
75;Clabots Tools;https://www.clabots.be
79;Signé Victor;https://www.signevictor.be
80;Mapeco Vilvoorde;https://www.mapeco.be/pagina/vilvoorde/
81;Thiry Paints Vilvoorde;https://www.thirypaints.be/
85;Fairon Bearings International;https://www.fairon-bearings-international.com/
87;Paint Trade Centre Bxl;https://www.painttrade.be/
88;Watteau;https://www.watteau.be/
90;Ritondo;http://www.alapiecemanquante.be
92;Huurland;https://www.huurland.be
93;Vanhumbeeck frères;https://www.vanhumbeeckfreres.be/
94;Handyman;https://www.handyman.be/
95;Zelfbouwdak Easyroof;https://www.easyroof.be/
98;TOP COLOR;https://topcolor.be/
99;Metamechelen;https://www.metashop.be
101;Flor Suys NV;https://www.florsuys.be/
102;4K Décor;https://4kdecor.be/
103;Utools;https://utools.be/
104;Noya Eleven Tools;https://noyaeleventools.be/
105;Metalu;https://www.metalu.be
106;Colora;https://colora.be/fr/magasins/colora-wavre
107;Verplaetsen Services BVBA;https://www.verplaetsen.be
108;MK;https://mkmateriaux.be/
109;Hubo;https://www.hubo.be/fr/magasins/braine-l-alleud.html
110;Caron;https://www.caron.be/
111;Tax Free Company;https://www.taxfreecompany.be/
112;Amazone Deco Wood;https://www.amazonedecowood.be/
113;Fabory Zaventem;https://www.fabory.com
117;Delloye Paints;https://delloye-paints.be/
124;Beau comme Bertrand - Showroom Pierres & Carrelages;https://www.beaucommebertrand.com/
125;Brico Mat Kelly;https://www.bricomatkelly.be/
126;Procenter;https://www.procenter.be/
127;Schellaert;https://www.schellaert.be/schellaert-aalst
134;Cebeo;https://www.cebeo.be
137;Lochten & Germeau;https://www.lochten.be
138;Zelfbouwmarkt;https://www.zelfbouwmarkt.be/
139;Gedimat Van Bellinghen;https://www.gedimatvanbellinghen.be/
141;Pluimers Isolatie;https://www.pluimers.be/
143;Brico Ben;https://www.bricoben.be
147;D-stock carrelage;https://www.d-stockcarrelage.be/
148;Lecot;https://lecot.be